{
    "MSE": 0.390025143963955,
    "R2_Score": 0.40318034127962177
}